{
  "verbosity": 0,
  "scale_pos_weight": 0.5755360623781677,
  "random_state": 42,
  "booster": "gbtree",
  "n_jobs": -1,
  "objective": "binary:logistic",
  "lambda": 1.2528669575242981e-06,
  "alpha": 2.7657604817497873e-08,
  "colsample_bytree": 0.6113042605048026,
  "subsample": 0.7640488956395477,
  "learning_rate": 0.010055187254755116,
  "n_estimators": 486,
  "max_depth": 9,
  "min_child_weight": 1,
  "gamma": 0.8130965860993538
}