{
  "verbosity": 0,
  "scale_pos_weight": 0.5755360623781677,
  "random_state": 123,
  "booster": "gbtree",
  "n_jobs": -1,
  "objective": "binary:logistic",
  "lambda": 5.914929990881526e-05,
  "alpha": 0.041137129687383485,
  "colsample_bytree": 0.5098088530809576,
  "subsample": 0.5716525002346329,
  "learning_rate": 0.014306620490071057,
  "n_estimators": 471,
  "max_depth": 7,
  "min_child_weight": 3,
  "gamma": 0.00012457812505235999
}