{
  "verbosity": 0,
  "scale_pos_weight": 1.054002541296061,
  "random_state": 42,
  "booster": "gbtree",
  "n_jobs": -1,
  "objective": "binary:logistic",
  "lambda": 1.6874401381833543e-06,
  "alpha": 0.00016969488347738103,
  "colsample_bytree": 0.6636063042198619,
  "subsample": 0.6675450905464093,
  "learning_rate": 0.03138495217942742,
  "n_estimators": 548,
  "max_depth": 3,
  "min_child_weight": 8,
  "gamma": 4.452456239279961e-07
}