{
  "verbosity": 0,
  "scale_pos_weight": 2.0299906279287723,
  "random_state": 42,
  "booster": "gbtree",
  "n_jobs": -1,
  "objective": "binary:logistic",
  "lambda": 0.017005167355922925,
  "alpha": 9.546803592252995e-07,
  "colsample_bytree": 0.5519240834842812,
  "subsample": 0.5851084672727439,
  "learning_rate": 0.01200072064230278,
  "n_estimators": 439,
  "max_depth": 9,
  "min_child_weight": 2,
  "gamma": 4.327556105701516e-07
}

