{
  "verbosity": 0,
  "scale_pos_weight": 1.054002541296061,
  "random_state": 123,
  "booster": "gbtree",
  "n_jobs": -1,
  "objective": "binary:logistic",
  "lambda": 0.8850251485278007,
  "alpha": 0.00011515584508603875,
  "colsample_bytree": 0.6246176529459018,
  "subsample": 0.7287947856763667,
  "learning_rate": 0.017320067178769848,
  "n_estimators": 998,
  "max_depth": 3,
  "min_child_weight": 7,
  "gamma": 0.11162937977698531
}