{
  "verbosity": 0,
  "scale_pos_weight": 2.0299906279287723,
  "random_state": 123,
  "booster": "gbtree",
  "n_jobs": -1,
  "objective": "binary:logistic",
  "lambda": 5.3517849060961495e-08,
  "alpha": 0.0031096595952493384,
  "colsample_bytree": 0.8994180127128912,
  "subsample": 0.5115910985406477,
  "learning_rate": 0.018300446904193794,
  "n_estimators": 368,
  "max_depth": 7,
  "min_child_weight": 1,
  "gamma": 7.214452048058534e-06
}