{
  "verbosity": 0,
  "scale_pos_weight": 1.5967871485943774,
  "random_state": 42,
  "booster": "gbtree",
  "n_jobs": -1,
  "objective": "binary:logistic",
  "lambda": 3.509983220428343e-08,
  "alpha": 6.083609627666892e-05,
  "colsample_bytree": 0.6713452805781225,
  "subsample": 0.6864822594803834,
  "learning_rate": 0.014012768971480698,
  "n_estimators": 905,
  "max_depth": 4,
  "min_child_weight": 10,
  "gamma": 2.4037587916544296e-05
}